网站来源,频率
央视网,232
CSDN博客,101
搜狐网,90
澎湃新闻,49
360百科,35
DeepTech深科技,35
澎湃新闻客户端,29
1905电影网,28
新浪财经,26
机器之心Pro,26
网易,25
微信公众平台,22
新智元,22
金融界,20
上观新闻,19
光明网,19
厦门大学,19
中国日报网,17
第一财经,17
36kr,17
环球网,14
极目新闻,14
华尔街见闻,14
钛媒体APP,13
中国青年网,13
IT之家,13
量子位,13
央广网,12
新华网,12
Maigoo品牌榜,12
哔哩哔哩,12
湖南日报,11
界面新闻,11
Microsoft,11
每日经济新闻,10
人民网,10
个人图书馆,10
财联社,10
人民资讯,10
阿里云开发者社区,10
环球时报,9
科能融合通信,9
电子发烧友,9
千龙网,8
海外网,8
新华社新媒体,8
和讯网,8
齐鲁壹点,8
央视新闻,8
中国经济网,7
36氪,7
中科院物理所,7
中关村在线,7
NVIDIA,7
北青网,6
中工网,6
经济观察报,6
新民晚报,6
同花顺财经,6
观察者网,6
蓝鲸财经,6
中国经济时报,5
搜狐,5
知网空间,5
封面新闻,5
华夏时报,5
中国教育新闻网,5
北京日报客户端,5
新京报,5
亿欧网,5
全球技术地图,5
杭州日报,5
钛媒体官方网站,5
知了爱学,5
证券时报,4
新华社,4
金台资讯,4
长江日报,4
新华社客户端,4
红星新闻,4
虎嗅,4
快科技,4
中国青年报,4
上游新闻,4
掌上春城,4
广州日报,4
人民日报,4
网易订阅,4
豆瓣读书,4
幻风的AI之路,4
高级互联网专家,4
百度百科,4
腾讯网,4
国际在线,3
太原日报,3
格隆汇,3
红网,3
科创板日报,3
大河财立方,3
正观新闻,3
潮新闻客户端,3
中国经营报,3
文汇报,3
天极网,3
数据派THU,3
www.ibm.com/cn-zh/topics/machi...,3
网易新闻,3
西湖大学,3
腾讯新闻,3
身边24小时,2
浙江日报,2
河北日报,2
大洋网,2
科技日报,2
参考消息,2
重庆日报,2
四川省人民政府,2
商洛之窗,2
美篇,2
互动创作,2
云南网,2
深圳新闻网,2
成都日报,2
手机凤凰网,2
中国发展改革,2
证券时报e公司,2
太平洋科技,2
极客公园,2
AI好好用,2
浙江大学管理学院,2
山西晚报,2
IT168,2
中国长安网,2
中国新闻周刊,2
经济日报,2
光明日报,2
京报网,2
网信河北,2
中新经纬,2
Google,2
人工智能和数据管理,2
Studio,2
人人都是产品经理,2
良青青,2
广西壮族自治区信息中心,2
广东工业大学,2
百度知道,2
云掌财经,2
sg-info.cn/article/show/56...,2
SoHoBlink领氪网络,2
比特网,2
江苏企协,2
北京石景山发布,1
羊城派,1
中国能源报,1
纵相新闻,1
新华财经客户端,1
中科院地质地球所,1
蓝睛,1
nature,1
大M学社,1
人民读书,1
刚好找到了,1
精读君,1
南风悦读芷婉易,1
美林数据Tempodata,1
计算机程序吧,1
大数据门户,1
中国国际进口博览会,1
华声在线,1
雷科技,1
每日人物社,1
直新闻,1
新闻晨报,1
北晚在线,1
第一风口,1
IT时报,1
家国视野,1
大象新闻,1
广州公安,1
中国基金报,1
中国电子报,1
央视财经,1
看看新闻Knews,1
北京商报,1
中国商报,1
电子工程世界,1
 instead of generative AI,1
集微网,1
中国财富网,1
厦门日报,1
四川新闻网,1
长沙晚报掌上长沙,1
百度营销中心,1
生活报,1
天眼新闻,1
商丘网,1
中国旅游报,1
昌平教育,1
十堰广播电视台,1
昌图广播电视台,1
日照新闻,1
极客网,1
人民论坛网,1
广西新闻网,1
九派新闻,1
证券日报,1
中国科学技术大学中国科大新闻网,1
ZNDS资讯,1
赣鄱智库,1
锦州网警,1
河青新闻网,1
互联网数据资讯网,1
人力资源社会保障部,1
中华人民共和国国防部,1
湖北发布,1
福布斯中国,1
钱江晚报,1
解放日报,1
全民百科,1
IT千锋教育,1
析易,1
电子科技大学成电学堂,1
学习长三角,1
河南科技学院信息工程学院,1
easyai.tech/ai-definition/mach...,1
手机21IC电子网,1
新浪网,1
广东省教育资源公共服务平台,1
智能制造IMS,1
科技评弹,1
湖北日报,1
宣讲家网,1
百度AI开放平台,1
京东,1
新浪爱问知识人·教育,1
小爱聊教育,1
原创力文档,1
和雨似,1
www.ibm.com/cn-zh/cloud/deep-l...,1
富数研究,1
天津汇柏科技有限公司,1
广州市电化教育...,1
天天讯通,1
华为开发者联盟,1
A卷卷爱看书,1
文江博客,1
景联文数据标注,1
听施兄说,1
玉玉编程,1
美少女战士也卖萌,1
豆瓣,1
Ac小答,1
BOSS直聘,1
easyai.tech/ai-definition/n...,1
[]forfolder,1
潘老师讲编程,1
习惯转身离开,1
博客园,1
编程小能人,1
百利天下理工职业规划,1
时光漫漫步,1
火龙果软件工程,1
七安不安术有道,1
深度人工智能,1
与非网,1
百炼智能,1
杏园医管,1
泰迪智能科技,1
脑极体,1
AI助手观察,1
博客,1
灵梦GA,1
中关村网金院,1
TsingtaoAI,1
360问答,1
白牛科技,1
